Time,Resistivity_1,Resistivity_2,Resistivity_3,Thickness_1,Thickness_2,dBdt_t1,dBdt_t2,dBdt_t3,dBdt_t4,dBdt_t5,dBdt_t6,dBdt_t7,dBdt_t8,dBdt_t9,dBdt_t10,dBdt_t11,dBdt_t12,dBdt_t13,dBdt_t14,dBdt_t15,dBdt_t16,dBdt_t17,dBdt_t18,dBdt_t19,dBdt_t20,dBdt_t21,dBdt_t22,dBdt_t23,dBdt_t24,dBdt_t25,dBdt_t26,dBdt_t27,dBdt_t28,dBdt_t29,dBdt_t30,dBdt_t31
1e-05,112.28280708415306,16.591099759954623,5.1133081249199135,46.20253086033988,94.89223528804496,1.8310482243820006e-09,1.4125055212308925e-09,1.076159954948586e-09,8.154658199181344e-10,6.197920124908229e-10,5.044701189985064e-10,4.2695463554363476e-10,3.365782170691842e-10,2.7742651825479987e-10,2.1773632055676437e-10,1.786420300035657e-10,1.4341231236663818e-10,1.1545988773105885e-10,9.346634073964543e-11,7.579129514622883e-11,6.118904909163757e-11,4.9722244980995403e-11,4.015409301677544e-11,3.2268629152222267e-11,2.583025636128924e-11,2.052378679942658e-11,1.75294027425491e-11,1.4414275376287425e-11,1.149362128839864e-11,9.137309216985964e-12,7.136328462203502e-12,5.429885005399192e-12,4.098795095082216e-12,3.0860291598243194e-12,2.3159116410940223e-12,1.7240423891789e-12
1e-05,92.13590820440133,18.38637045872429,5.556666879392644,47.35275814853687,104.46225552412477,2.03568981324537e-09,1.6035977351236563e-09,1.246408418061092e-09,9.603621364721684e-10,7.381213258591891e-10,6.024303088452332e-10,5.087889202584659e-10,3.9961107675867853e-10,3.273237514049779e-10,2.5408161304929964e-10,2.061073461017951e-10,1.6305761087824478e-10,1.2924015874976505e-10,1.0304575624653139e-10,8.237212253509871e-11,6.559672921282132e-11,5.268409078643487e-11,4.2072049610421297e-11,3.345144121029916e-11,2.6505656675926935e-11,2.0849163506507417e-11,1.7720633294564756e-11,1.4479005679491156e-11,1.145506626349641e-11,9.043514990480696e-12,7.011883421865975e-12,5.294977966755792e-12,3.970326503812836e-12,2.9728838054808716e-12,2.221349077335805e-12,1.6482390862029533e-12
1e-05,92.19829492515952,15.758560265384272,8.66280700983279,45.674941247734495,101.95519514408446,2.0189944229347228e-09,1.5855046776912857e-09,1.227710288461438e-09,9.41937909394205e-10,7.207846092142864e-10,5.866660711363614e-10,4.947891892008242e-10,3.8766860941668384e-10,3.1725079803091616e-10,2.460821738775416e-10,1.998205826949188e-10,1.5841711908255113e-10,1.2602021111622096e-10,1.0098047416410361e-10,8.121676555356541e-11,6.51480531759952e-11,5.272706651591942e-11,4.2472161320792025e-11,3.40983079441199e-11,2.7314942950568427e-11,2.176048456804627e-11,1.864178439484672e-11,1.5399202455255366e-11,1.235520802343455e-11,9.892341618013661e-12,7.79001285614931e-12,5.984973356848159e-12,4.560744796297176e-12,3.4614254453253393e-12,2.6123372314439742e-12,1.9495344320381585e-12
1e-05,118.19115810683311,23.311712359360556,4.935458973775312,46.20367188492515,95.68890667842707,1.8260711541050538e-09,1.4140059824086871e-09,1.0833224732437706e-09,8.268101932390728e-10,6.33487613385917e-10,5.182778174115707e-10,4.397394354722329e-10,3.4817040492379815e-10,2.8735115636757866e-10,2.256611349969549e-10,1.8462660158620355e-10,1.4745842440272366e-10,1.1775197772139316e-10,9.429826987610269e-11,7.546937789780038e-11,5.998440576674252e-11,4.793030332548257e-11,3.796689893559856e-11,2.9850088326220334e-11,2.331651066307906e-11,1.802619702624862e-11,1.517795870289388e-11,1.2245760317254388e-11,9.537631981800934e-12,7.427995209012264e-12,5.681885515815288e-12,4.236497689507899e-12,3.1494276113555804e-12,2.3499742016169187e-12,1.7590714173335412e-12,1.3146812764028423e-12
1e-05,94.66682860881417,17.330974442405054,5.067670727560789,52.640200709095474,117.89066546652083,2.105873047224879e-09,1.6725306597711095e-09,1.3091657151418687e-09,1.0126710298874143e-09,7.773739202484657e-10,6.307424376490473e-10,5.282901071210242e-10,4.0883945952396757e-10,3.299638685659125e-10,2.501218644732404e-10,1.9881762045090565e-10,1.533996662110263e-10,1.1867670411986168e-10,9.269916329430511e-11,7.292488270646131e-11,5.739936676013563e-11,4.582638912051921e-11,3.6498652534114716e-11,2.9022735573259328e-11,2.3041255997256223e-11,1.8179492165192556e-11,1.5482719058349935e-11,1.2686249638192806e-11,1.0074557505142719e-11,7.986207897312537e-12,6.223217043260896e-12,4.7295780111450816e-12,3.5729743671642852e-12,2.698012979614245e-12,2.034970850193126e-12,1.5258958207052211e-12
1e-05,118.4596705864763,24.33206313187197,1.0285813864429088,59.7680015814307,109.99368840748738,2.015454580197504e-09,1.593702469504211e-09,1.24283201377075e-09,9.58090109188761e-10,7.327001031927066e-10,5.922294409094198e-10,4.939786681403212e-10,3.794266772417834e-10,3.0382414845884586e-10,2.2730891051337602e-10,1.7836282348633363e-10,1.3520006077682112e-10,1.0247909312866085e-10,7.830732063709658e-11,6.018395265645654e-11,4.61699008133766e-11,3.588558215960427e-11,2.767427306466496e-11,2.114151135058618e-11,1.5961736100914163e-11,1.1823955763150025e-11,9.708437207294788e-12,7.559030051496801e-12,5.620272250248782e-12,4.196347559150318e-12,3.0788104042203233e-12,2.215057657283663e-12,1.6265424520563387e-12,1.2366079068554951e-12,9.723296563911835e-13,7.829101195402909e-13
1e-05,106.42246618925151,18.197210099300662,4.678096906373497,51.200543240423464,105.73066739338776,2.013911951676266e-09,1.5831759803049254e-09,1.2261189529974358e-09,9.38898993480099e-10,7.146468632521769e-10,5.775631485975021e-10,4.833289949903683e-10,3.7346003821681997e-10,3.0165531719352017e-10,2.2923441519951908e-10,1.8297426929004906e-10,1.4202839071827886e-10,1.1067702672549665e-10,8.70857504132619e-11,6.896693416576043e-11,5.459386728373193e-11,4.3746509400691696e-11,3.492096482307583e-11,2.7788263107876964e-11,2.2044289024527808e-11,1.7356430565171925e-11,1.4756709247349017e-11,1.2062084448829211e-11,9.549558866183261e-12,7.547962531935598e-12,5.864323412528101e-12,4.444079469415607e-12,3.350729214560813e-12,2.5283890891980675e-12,1.9082757890553774e-12,1.43391416255133e-12
1e-05,102.5065125198744,21.326489224834575,6.57409674830919,47.951311525783034,96.68887199903877,1.9547180764820974e-09,1.5294985509638922e-09,1.1821135857265172e-09,9.074413621642211e-10,6.966303197124214e-10,5.691596777799055e-10,4.816096698325785e-10,3.7953385474338246e-10,3.118324393170357e-10,2.431956539881623e-10,1.9791941595253162e-10,1.5711967537739009e-10,1.2482040229978535e-10,9.959076055339056e-11,7.953417959257782e-11,6.317372116098025e-11,5.0535275714459153e-11,4.014003867802391e-11,3.170393714209414e-11,2.492806896468889e-11,1.9439654655105642e-11,1.6452212505587895e-11,1.336785942598883e-11,1.0504609483920083e-11,8.246965312063814e-12,6.359664715204327e-12,4.778710217209106e-12,3.571243909240862e-12,2.6699454378645574e-12,1.995320488988814e-12,1.483058268272637e-12
1e-05,114.49908783091604,24.5803071597244,7.036196512330774,45.51103720216723,112.8112340571214,1.8658329371478596e-09,1.4505570495403265e-09,1.1155127890974808e-09,8.540087712532166e-10,6.556339373847333e-10,5.366160090721765e-10,4.55072447836671e-10,3.5999963546870693e-10,2.9670859982267276e-10,2.3246045822388283e-10,1.8971690824455509e-10,1.5102906635564546e-10,1.2016306990027932e-10,9.586571177894832e-11,7.643053120751355e-11,6.051027084139023e-11,4.8180298733492475e-11,3.803682512118662e-11,2.981837845840801e-11,2.324380472437045e-11,1.795383149237594e-11,1.512621850810905e-11,1.2218705795286773e-11,9.533590643308514e-12,7.442279395330069e-12,5.708247292931313e-12,4.269227856342716e-12,3.1818661848933878e-12,2.377597668425887e-12,1.7796317208317169e-12,1.3274115907617315e-12
1e-05,119.14415996285894,16.123500381474067,9.969985655152659,49.587117507009296,92.14011893481415,1.9025945348655453e-09,1.4760807906648019e-09,1.1274140796648017e-09,8.518293748869228e-10,6.409819932989708e-10,5.151791260634081e-10,4.305074266381026e-10,3.3178747290577025e-10,2.681935991254418e-10,2.0438496844711118e-10,1.6404312144773156e-10,1.2839502467777899e-10,1.011213046338139e-10,8.050835274393028e-11,6.454066083338966e-11,5.1736773880947455e-11,4.1941330199940364e-11,3.388653366144045e-11,2.7314639214743363e-11,2.1980965844968333e-11,1.7598805642595848e-11,1.512112870713512e-11,1.2541413012394491e-11,1.011504408460896e-11,8.143386547218249e-12,6.454369930660272e-12,4.99798880608577e-12,3.8417369152914175e-12,2.9425359627672914e-12,2.2420076808152275e-12,1.68994471840492e-12
1e-05,80.43371765814531,24.503262051101693,5.195338324387051,59.68102815584458,90.75916503321888,2.2577016885013684e-09,1.834991348803515e-09,1.4758214221644968e-09,1.1760872566367482e-09,9.30132737269827e-10,7.682819232266422e-10,6.488791846411207e-10,5.09665812183952e-10,4.1330372791963634e-10,3.141888130696193e-10,2.4766656224623864e-10,1.8801438896013002e-10,1.416125700137054e-10,1.0677197217470098e-10,8.0579037458549e-11,6.054074487788567e-11,4.624903628511192e-11,3.5224731957372217e-11,2.680519924278373e-11,2.0392243944065488e-11,1.5425123502533235e-11,1.2897524995867352e-11,1.0323625658476993e-11,7.970417258421792e-12,6.181942397306341e-12,4.720080614051211e-12,3.5263720865756903e-12,2.638985861826535e-12,1.9898001156775537e-12,1.50941205100835e-12,1.1457704249397862e-12
1e-05,111.08309614573261,15.471077935022677,1.1360163329908475,52.3901860414452,112.06503961588786,1.9652635973093674e-09,1.534556343809514e-09,1.1794977445193714e-09,8.960765837689115e-10,6.769251551633341e-10,5.447011324255985e-10,4.5493460385960175e-10,3.502745154605867e-10,2.8258050705669406e-10,2.1455852067860882e-10,1.71545289639315e-10,1.3359528840134085e-10,1.0467187405469775e-10,8.294882673780407e-11,6.624192572774234e-11,5.2933881264338777e-11,4.281107438124611e-11,3.450256511743787e-11,2.771243252853212e-11,2.2166756988699183e-11,1.7562623677173338e-11,1.491729864425198e-11,1.2155623937490291e-11,9.563861147810492e-12,7.468313859541587e-12,5.701637390058333e-12,4.2123744669660026e-12,3.081426589008782e-12,2.2567027736252584e-12,1.6625604432017055e-12,1.2320518688027314e-12
1e-05,83.66456478193216,15.281750030650647,5.681256143469571,50.63323739710884,102.67438031512208,2.188400457459512e-09,1.7547049516651147e-09,1.3872566959003601e-09,1.0834790866010774e-09,8.386990134320469e-10,6.83287063733769e-10,5.729495794826622e-10,4.443055176043456e-10,3.584587179020433e-10,2.712409585923618e-10,2.148339916480851e-10,1.6487787732990764e-10,1.2672676274737887e-10,9.834163388405714e-11,7.692840084637701e-11,6.029510996054953e-11,4.805656944662351e-11,3.828780812840594e-11,3.052269999938278e-11,2.4345640806347958e-11,1.933868550256211e-11,1.6545264752801572e-11,1.364345653796541e-11,1.0922437292339924e-11,8.726512585356913e-12,6.856958938230895e-12,5.257032639649395e-12,4.001066347557823e-12,3.037440322340799e-12,2.297679604984278e-12,1.7233902162449476e-12
1e-05,97.2703468423554,16.994403468305592,7.950545145914886,53.757751006232844,110.67828130871499,2.0838716189704024e-09,1.6505402126771102e-09,1.288106125736278e-09,9.933641476048074e-10,7.6041439644514e-10,6.160211742996745e-10,5.156249159422527e-10,3.9857147249876506e-10,3.215681198055863e-10,2.4372381259424884e-10,1.9386296122632167e-10,1.4976006304138356e-10,1.160780193185797e-10,9.087860119447727e-11,7.167578991964198e-11,5.657215362010396e-11,4.52858879604216e-11,3.617239260312341e-11,2.8858575782835178e-11,2.3004134133469783e-11,1.8246417446106816e-11,1.5599761420127923e-11,1.2852896184527458e-11,1.0280717303763899e-11,8.211420353653052e-12,6.45270681158364e-12,4.950181214166953e-12,3.771930735257192e-12,2.8676227147858742e-12,2.1722274578144137e-12,1.6308747861943457e-12
1e-05,114.58310373803616,15.854004062339921,5.0463338637479325,59.39363012351335,96.4020246161228,2.0290943370894897e-09,1.6031947042202606e-09,1.2475834974144913e-09,9.58110964974825e-10,7.286768070606058e-10,5.8612986145887e-10,4.870100079117687e-10,3.7144474321836903e-10,2.9585156464815605e-10,2.1958619374396653e-10,1.7148326317641704e-10,1.2937361867814732e-10,9.789421594939631e-11,7.501931778284699e-11,5.815391147903496e-11,4.53141242780384e-11,3.6039166819219926e-11,2.8705052396273355e-11,2.289931520695788e-11,1.8276828706770656e-11,1.4517582556412827e-11,1.2418295677139087e-11,1.0238083435420583e-11,8.19718105096653e-12,6.5565029260314606e-12,5.164721140858059e-12,3.978421822940569e-12,3.0511763835239862e-12,2.34126504470275e-12,1.7956378970387061e-12,1.370079090619572e-12
1e-05,104.44946608130493,19.067632318476917,8.302790511060604,51.73431735412619,94.03520163813,2.032666080662595e-09,1.6018449260413555e-09,1.2439579096187848e-09,9.552400064335104e-10,7.29012512882949e-10,5.900598339510058e-10,4.9411123074992e-10,3.822433725046864e-10,3.0886599278912493e-10,2.3476360347263634e-10,1.8726986525664657e-10,1.451902098930524e-10,1.1292700675107514e-10,8.864181389712798e-11,7.000647601840083e-11,5.5252072737860096e-11,4.415597506862513e-11,3.516401672308498e-11,2.7934166626520123e-11,2.2148228937153028e-11,1.745724043029487e-11,1.4873427882727914e-11,1.2197934292820609e-11,9.701310048368808e-12,7.708809852405197e-12,6.02558001843083e-12,4.5975335386413684e-12,3.4873771473190624e-12,2.6424267178592917e-12,1.9973955311856794e-12,1.4982048406812678e-12
1e-05,83.24847121940049,23.216141240176988,4.645264752620786,55.529073717841136,109.75658332819958,2.206922187610304e-09,1.7773170709174504e-09,1.4135403779333539e-09,1.1124740653643666e-09,8.689944011329986e-10,7.128925231597409e-10,6.007188140297288e-10,4.69933871121292e-10,3.813636888940396e-10,2.9092508295605115e-10,2.3127859913935923e-10,1.7798611049741892e-10,1.366550974482239e-10,1.0543986984641424e-10,8.161546819508245e-11,6.297818018794123e-11,4.923926017607003e-11,3.8316467883998427e-11,2.9710520316283994e-11,2.2961288840747342e-11,1.7598204448481414e-11,1.477088893694281e-11,1.1871545437966482e-11,9.204018540244957e-12,7.145104479074175e-12,5.450163099933804e-12,4.055732403751032e-12,3.0138221559464954e-12,2.2513854903080467e-12,1.6895166603858396e-12,1.2674075408676744e-12
1e-05,97.04506651134622,18.682388974710182,8.968368738154519,48.187868082495044,114.65053048830283,1.9903831038376305e-09,1.5608322615818795e-09,1.2079890670212609e-09,9.274773384731527e-10,7.111943129204313e-10,5.801433831418298e-10,4.901956091233385e-10,3.853242040411118e-10,3.1603040457243896e-10,2.4587158696157184e-10,1.9988858750085953e-10,1.5857720849860315e-10,1.260414006713541e-10,1.0074665658079419e-10,8.070415030646032e-11,6.43825866003813e-11,5.177672716410222e-11,4.139767129816025e-11,3.295894462883653e-11,2.6161851711462018e-11,2.0633433264465896e-11,1.7578587910251593e-11,1.4413385235268737e-11,1.1457323630241723e-11,9.09361021224081e-12,7.094380744636112e-12,5.39612497209206e-12,4.0746036796545196e-12,3.0688619910541914e-12,2.3022285875269536e-12,1.7107254195351454e-12
1e-05,93.55412156470886,15.419714503601302,2.20203719056605,46.1940685261372,93.66915408307477,2.003287924992751e-09,1.5702515347879861e-09,1.2135810287086827e-09,9.294392392212775e-10,7.101865291434585e-10,5.776725656017157e-10,4.871577680488851e-10,3.816252620621645e-10,3.1238089323764814e-10,2.424443140829665e-10,1.9703567088792234e-10,1.5639936920481161e-10,1.2459842076128235e-10,9.999880870753995e-11,8.05553976139023e-11,6.471909398581857e-11,5.244598117379623e-11,4.228472505375909e-11,3.3955149747575745e-11,2.717052768479355e-11,2.15751234881915e-11,1.8394393020299074e-11,1.5079754347460404e-11,1.196746905271153e-11,9.448163962494402e-12,7.310532694666238e-12,5.4917689875230536e-12,4.084438969160456e-12,3.029432297431307e-12,2.243148287491965e-12,1.6524381430051149e-12
1e-05,94.71624669335172,23.76097674396958,4.633297639716174,47.84844055114988,103.42747131754896,2.0390432459661005e-09,1.610378654725961e-09,1.2563009557834462e-09,9.72586178977288e-10,7.515883861138548e-10,6.156875426862896e-10,5.210477484158711e-10,4.1070584935129533e-10,3.3691052159909917e-10,2.6187991535831263e-10,2.1217038585055773e-10,1.6737686077887876e-10,1.3196447824895194e-10,1.0442331813765648e-10,8.266877513541835e-11,6.505226650122386e-11,5.1565209671016916e-11,4.055275911455796e-11,3.168041527008795e-11,2.460590113672336e-11,1.892053082866297e-11,1.5889322386423158e-11,1.2774663348108674e-11,9.904396216972931e-12,7.68032725348863e-12,5.846630901543916e-12,4.3358622131700835e-12,3.2066598313648986e-12,2.3816456087386566e-12,1.7757285631366711e-12,1.322752715188918e-12
1e-05,95.26075068872925,19.742964652849885,2.2466964816694093,52.52708820788054,93.17528015010383,2.1076808940875626e-09,1.675701496238294e-09,1.3136558783078975e-09,1.0182363730346773e-09,7.836144332097382e-10,6.370426307528512e-10,5.34298449542411e-10,4.1450752903173e-10,3.350771352670086e-10,2.54556555343886e-10,2.0251772874961162e-10,1.5632905157969398e-10,1.2085453460751165e-10,9.419673316324127e-11,7.383448989584502e-11,5.7811842871590074e-11,4.585338335579912e-11,3.621190167456006e-11,2.848324018603562e-11,2.2299303502976317e-11,1.7277929447956585e-11,1.4535632383084197e-11,1.1703743474368675e-11,9.084074556070072e-12,7.035557883194505e-12,5.344509316490336e-12,3.951342626526707e-12,2.916203408856554e-12,2.168237522601552e-12,1.625530311195286e-12,1.2234857429247353e-12
1e-05,93.59658160716711,17.300021486407026,8.18763874042713,58.25311803919373,104.00606075439804,2.1702627641293946e-09,1.7439800428851212e-09,1.3836802972036959e-09,1.0852865890184516e-09,8.43233270964502e-10,6.875023009143787e-10,5.754480728874536e-10,4.448024347177745e-10,3.5676892203204894e-10,2.67031134163719e-10,2.0871434802948007e-10,1.5713571967489548e-10,1.1795739452431976e-10,8.920831526839507e-11,6.799092905113141e-11,5.1959463191906136e-11,4.059261255149056e-11,3.179618224064557e-11,2.5006122245262978e-11,1.973663497600646e-11,1.5547547528467198e-11,1.3270121064029138e-11,1.0915884045932464e-11,8.719132119113417e-12,6.966125168024426e-12,5.481809528857771e-12,4.218455460808335e-12,3.230309430376318e-12,2.4719713538168286e-12,1.887421395987441e-12,1.4302656638383965e-12
1e-05,105.22402409008916,16.702337312660493,4.982363786750275,59.111678917164525,95.51989584378721,2.0928554428657347e-09,1.6662940387092747e-09,1.3080909699118585e-09,1.0141353187822514e-09,7.786198307783129e-10,6.299694425781219e-10,5.250168977298233e-10,4.026512142507213e-10,3.215733877577542e-10,2.394038761619903e-10,1.8691669907061649e-10,1.4077516659165098e-10,1.0605975321673375e-10,8.074486831067601e-11,6.208787204004449e-11,4.794078584916768e-11,3.780803920919459e-11,2.986825057279208e-11,2.3645756496509815e-11,1.8739365850091418e-11,1.4783466074401442e-11,1.2604172023649263e-11,1.03469611146728e-11,8.241045550837302e-12,6.561080113174458e-12,5.143547741222652e-12,3.942642613085202e-12,3.0108971007663727e-12,2.302547654498279e-12,1.7614914810032173e-12,1.3417049227216108e-12
1e-05,98.85427157907509,17.93620793726442,6.2479281742505615,46.36002125422603,117.91305157234828,1.9683912178956783e-09,1.5395880671585864e-09,1.1883708378593347e-09,9.101399763549772e-10,6.964789684302878e-10,5.676354021337125e-10,4.795663832454605e-10,3.7688544582587026e-10,3.0922272283910106e-10,2.407804030819795e-10,1.9599965228730808e-10,1.5577573414626428e-10,1.2409325023773529e-10,9.943559018627047e-11,7.986179268206887e-11,6.388477183715226e-11,5.1505046123347565e-11,4.128058676811368e-11,3.293741860319226e-11,2.618931407578161e-11,2.0676398435532417e-11,1.761069463979092e-11,1.4430578967606425e-11,1.1458843173873846e-11,9.079381142777712e-12,7.067936025259915e-12,5.3611073932951535e-12,4.0367234317027085e-12,3.0332873944145562e-12,2.2725786786437868e-12,1.6891177522399656e-12
1e-05,116.43571178350734,18.350880660837174,7.260196191772112,45.60071050634055,95.64787950719332,1.806913292415124e-09,1.3926981204630893e-09,1.0610385666696481e-09,8.04827019061931e-10,6.129625347058532e-10,4.998570353671756e-10,4.2364585841933937e-10,3.347901496849939e-10,2.7637317747487065e-10,2.1733123724501195e-10,1.784183480878582e-10,1.4325994362526888e-10,1.1524537946459888e-10,9.312816309796856e-11,7.532064775772391e-11,6.060343842175309e-11,4.9060319640696614e-11,3.9450152128491794e-11,3.155663911229804e-11,2.514095791016261e-11,1.9882702633269637e-11,1.695057748862737e-11,1.3907690888112715e-11,1.1062638707623847e-11,8.781753953792305e-12,6.851303514014671e-12,5.210680579364127e-12,3.9345386342158825e-12,2.9646189246540742e-12,2.226663378982209e-12,1.658440270747804e-12
1e-05,113.73792491845755,20.61292901687679,2.0040463680933067,51.32848903898288,98.17642437526382,1.964212449919001e-09,1.5373304760746704e-09,1.1858393838426943e-09,9.052317094720211e-10,6.878331694487962e-10,5.559088456673264e-10,4.6566010886670114e-10,3.604378069425653e-10,2.9172230688787217e-10,2.224358976932029e-10,1.7804199391860097e-10,1.3864706279024178e-10,1.0832286475995345e-10,8.534476256832312e-11,6.756759823481957e-11,5.3370538515222285e-11,4.258135692526666e-11,3.375866579078662e-11,2.6594467626743728e-11,2.080320180025849e-11,1.607037017635656e-11,1.3487171525068635e-11,1.0821619645779047e-11,8.362044852789786e-12,6.450282315917864e-12,4.881290499182177e-12,3.59795844325081e-12,2.653852077076677e-12,1.9782477906027277e-12,1.49160127799409e-12,1.1322872967924253e-12
1e-05,96.30325283160184,15.12127523984391,8.412091509442853,56.05013161863827,117.01890694137373,2.085701767134673e-09,1.6510679474145967e-09,1.2872375149515599e-09,9.912154194600888e-10,7.57284389381695e-10,6.124992802747636e-10,5.120567358410169e-10,3.9494932679456804e-10,3.1815836339609035e-10,2.4061693461328126e-10,1.9118985581816327e-10,1.475720053186576e-10,1.143994805094023e-10,8.968636713656692e-11,7.09186573664273e-11,5.6189977664183634e-11,4.519496009125743e-11,3.631362136447818e-11,2.9178795529464796e-11,2.345912657833602e-11,1.880130652778957e-11,1.6181365354845382e-11,1.345476134441688e-11,1.0886642029877726e-11,8.793229848297411e-12,6.991625683327557e-12,5.4293676880445924e-12,4.178527553561904e-12,3.1970882016803583e-12,2.4267228264444468e-12,1.8165775375251168e-12
1e-05,81.19616629615052,15.05074788971263,3.666538281871207,59.792907940788666,113.03160716512537,2.2487573388746263e-09,1.8238393580322951e-09,1.4621578202514634e-09,1.1597844845043752e-09,9.114320382497983e-10,7.485440186954404e-10,6.291196185807309e-10,4.898809906347307e-10,3.944886614631251e-10,2.9670492407964637e-10,2.3210942529661974e-10,1.746588720398268e-10,1.306505181532081e-10,9.820237395702915e-11,7.426482661233931e-11,5.627829057461213e-11,4.36850068671934e-11,3.407759908376385e-11,2.6780728965962782e-11,2.1202474281916984e-11,1.6814006225394965e-11,1.4419222298839167e-11,1.1938498862125244e-11,9.608761501134451e-12,7.722067536454239e-12,6.102558889297626e-12,4.7023688081582025e-12,3.585818190648772e-12,2.715542975905508e-12,2.0394092653914535e-12,1.5112196115371863e-12
1e-05,85.83791512603541,21.381428213422986,5.739371853208674,50.25424801621241,113.74875670758875,2.1843475368042696e-09,1.7535132540151796e-09,1.3894145291757668e-09,1.0889738068796047e-09,8.469996973333547e-10,6.928893887622079e-10,5.828926312891527e-10,4.546458276682341e-10,3.68350637290342e-10,2.8042715516132056e-10,2.22838871395634e-10,1.7151860318259396e-10,1.3188202695311646e-10,1.0204078772547931e-10,7.930088321325476e-11,6.151252417636867e-11,4.837747583980604e-11,3.7908231162002193e-11,2.9631258221183e-11,2.3111468475163956e-11,1.7901657983863553e-11,1.511126302743239e-11,1.22391784424345e-11,9.58210424539508e-12,7.503925259950337e-12,5.775566198859524e-12,4.336163815121898e-12,3.243812763533502e-12,2.4324660956204238e-12,1.826941534575242e-12,1.3675298718462389e-12
1e-05,105.55673109181684,20.46406503239166,2.810994597924477,53.09709315485632,101.65601504200735,2.0282686076196094e-09,1.5984462404235382e-09,1.2416922072108715e-09,9.540893740192808e-10,7.288204519280095e-10,5.903985641361881e-10,4.947187530671911e-10,3.8316428343968364e-10,3.098601210164909e-10,2.357844628440581e-10,1.8817227773454507e-10,1.4592932918985718e-10,1.1346021921367229e-10,8.895715455524905e-11,7.01120529397342e-11,5.516290432264043e-11,4.389539990874155e-11,3.474327287807723e-11,2.7360797537516355e-11,2.142970278833758e-11,1.6607089559134633e-11,1.398165265523616e-11,1.1272812159638796e-11,8.768896950621738e-12,6.814477277866712e-12,5.200409433244684e-12,3.869007708712817e-12,2.8753451646650922e-12,2.1515389274828873e-12,1.620907794502458e-12,1.2236609193475439e-12
1e-05,95.27818383889556,24.245314122645034,9.255304403041862,55.76719237168421,107.52992479397031,2.1179849908746863e-09,1.6880766248520604e-09,1.3277272706828409e-09,1.033365342944392e-09,7.990000701602897e-10,6.517622700933176e-10,5.47853887134878e-10,4.267056070403258e-10,3.4575131057520595e-10,2.634657632919729e-10,2.097663649683023e-10,1.6190924861073957e-10,1.2490115671016467e-10,9.692913006538767e-11,7.549170910066271e-11,5.861777294303756e-11,4.6074964921366446e-11,3.604033018224258e-11,2.809633131743882e-11,2.1851348134557603e-11,1.6885852074151755e-11,1.4252329521345077e-11,1.1546956233101901e-11,9.04692248490271e-12,7.096790840935176e-12,5.474526105011221e-12,4.122356625442323e-12,3.0930440239859426e-12,2.3246770636051744e-12,1.7476183933042719e-12,1.3067252999867984e-12
1e-05,87.9648666312491,18.164645916712868,2.771990258759442,56.1969756013465,103.95440193722307,2.161282965663526e-09,1.7285847008033955e-09,1.3635019169255098e-09,1.0631132719766816e-09,8.222513374816965e-10,6.700462926365726e-10,5.623188260162656e-10,4.367178212810319e-10,3.529276953240009e-10,2.6780856383325487e-10,2.1261384559510358e-10,1.6362444584636435e-10,1.2604007937135285e-10,9.790068638035219e-11,7.652703644772318e-11,5.981771429679885e-11,4.744538835991563e-11,3.7531419313172936e-11,2.962790558438416e-11,2.332933673340057e-11,1.8222981911335226e-11,1.5412189339836914e-11,1.2503019181923315e-11,9.798951067930469e-12,7.660443552558497e-12,5.876691981489778e-12,4.388251763802255e-12,3.2623103503090007e-12,2.433320582414988e-12,1.8217996081776484e-12,1.3632977218841192e-12
1e-05,93.89684902570528,19.593905250936704,6.467870130557163,54.27128819743865,91.2366107020841,2.11805660346427e-09,1.6859293410880011e-09,1.3233039300688972e-09,1.0269421701360095e-09,7.911376881329663e-10,6.434945437684581e-10,5.397983261398001e-10,4.188974126586714e-10,3.3862701148873037e-10,2.5721819644916144e-10,2.0456133149594367e-10,1.578201897995809e-10,1.2192403487979097e-10,9.496667340270747e-11,7.440045742184185e-11,5.824531394291398e-11,4.6223115428298765e-11,3.6564360362037526e-11,2.8860571177119e-11,2.2736957684149696e-11,1.7799319530602274e-11,1.5106674035584825e-11,1.2324447212057225e-11,9.736912640554311e-12,7.687864853683736e-12,5.968062190313394e-12,4.520271056669786e-12,3.4065436747797872e-12,2.5682659419261918e-12,1.9351815498014023e-12,1.4500381806636337e-12
1e-05,93.29130164976607,20.650405973300163,8.709325919453985,58.05832509905177,91.15848797994707,2.1747744818408466e-09,1.7495294605565903e-09,1.390332194402695e-09,1.092974006424826e-09,8.517028767215664e-10,6.961173946201668e-10,5.837883617236402e-10,4.528223245989787e-10,3.6416352368386786e-10,2.7364618437626497e-10,2.1443137056530736e-10,1.6188780710542508e-10,1.2173586137929712e-10,9.20727162705387e-11,7.00375328589338e-11,5.3295462083266977e-11,4.137062169876287e-11,3.2130329181015597e-11,2.5008046790614624e-11,1.950833883047443e-11,1.5172893387425408e-11,1.286762875643009e-11,1.0496302321288435e-11,8.297932242431839e-12,6.5700339374624645e-12,5.122449006470938e-12,3.905319852982743e-12,2.967241500101098e-12,2.2571933811456623e-12,1.7163001426312121e-12,1.297283305404173e-12
1e-05,83.15486470313185,20.208347799245306,2.7905392751540834,50.4960650849,111.81386018033943,2.2025503592956536e-09,1.7716508765791048e-09,1.406637253031978e-09,1.1045699997899024e-09,8.604859105065048e-10,7.044291420152543e-10,5.926910678733355e-10,4.62414038071174e-10,3.7459218428814714e-10,2.8505740148923643e-10,2.2637013313645332e-10,1.7408013914621536e-10,1.3372203169646847e-10,1.0338304046014857e-10,8.03089650976038e-11,6.229387678553896e-11,4.901267444463503e-11,3.842795331043899e-11,3.0046028597093117e-11,2.3417298574785386e-11,1.8089018022840978e-11,1.5213296888565548e-11,1.224979029600561e-11,9.511578837811392e-12,7.37633411481656e-12,5.613153388348775e-12,4.1591151990070616e-12,3.0747609697389838e-12,2.2865725389369317e-12,1.7109476176517757e-12,1.282309429200406e-12
1e-05,83.4304545721345,16.624916987237253,2.611563960352794,52.41039010075646,94.69366325557918,2.1933112776804723e-09,1.760483554973626e-09,1.3937635286397883e-09,1.090463603561737e-09,8.458264546451964e-10,6.901484667999991e-10,5.793215972363101e-10,4.501069539743279e-10,3.636065605308013e-10,2.756291059283599e-10,2.1849403019701441e-10,1.6779859345914204e-10,1.289554624005977e-10,9.996199688455755e-11,7.803330298885549e-11,6.097063298255488e-11,4.840466448633196e-11,3.837339015582835e-11,3.03992006425826e-11,2.405274611025584e-11,1.8903756950046878e-11,1.6043238511996128e-11,1.307573566706286e-11,1.0306587530445453e-11,8.096524227524472e-12,6.2401574040388415e-12,4.678579144628747e-12,3.4858590856624394e-12,2.600506295797499e-12,1.9437613491217072e-12,1.4499405908954855e-12
1e-05,85.46286079604664,17.92563062957327,8.322728624186588,49.42839864729444,106.21132379202892,2.180305410913502e-09,1.747813383984662e-09,1.3820859252160683e-09,1.0802882004763107e-09,8.374435751589262e-10,6.832808679111088e-10,5.737195500362686e-10,4.4598043171375274e-10,3.6050578172787923e-10,2.735848609483534e-10,2.1708919582036832e-10,1.6691955013178356e-10,1.2841087954472092e-10,9.959504489853058e-11,7.77422038018132e-11,6.069967505466012e-11,4.812994702854146e-11,3.8100951629901225e-11,3.0150718234163194e-11,2.3859537654295547e-11,1.8797523779821195e-11,1.6021503798366175e-11,1.3148267164197753e-11,1.046613015870043e-11,8.323752755245756e-12,6.511425163963823e-12,4.971276917504986e-12,3.771113499182969e-12,2.8555271629606665e-12,2.1552987886718952e-12,1.612813434401647e-12
1e-05,81.09940423670587,23.75856008500635,4.161947507558419,48.393679814051985,90.05643575954528,2.223565271292189e-09,1.7946522676683145e-09,1.4308618585240358e-09,1.1290946885400013e-09,8.843187046352689e-10,7.266828227554665e-10,6.12913972838149e-10,4.802692323138836e-10,3.900941909388966e-10,2.978975445458429e-10,2.3685964057315086e-10,1.8225207268484312e-10,1.3981579618747027e-10,1.0772404492161283e-10,8.322171719563363e-11,6.406301008313657e-11,4.9959319620185116e-11,3.876482678123326e-11,2.996168430371608e-11,2.3072096188476646e-11,1.7609723120428433e-11,1.474661931387813e-11,1.1814544272474247e-11,9.12256808760994e-12,7.055369497290901e-12,5.360647176317365e-12,3.973442223921148e-12,2.9438194224574406e-12,2.195281577590122e-12,1.6467005282459494e-12,1.2363052680548378e-12
1e-05,104.13565216372109,15.996293720954624,8.289393281806463,57.603941431598756,95.54311847244881,2.0244758099469076e-09,1.5918010606475153e-09,1.2324562001602064e-09,9.429099880232015e-10,7.165878983475461e-10,5.782679308191962e-10,4.833115385229603e-10,3.7260051326069876e-10,3.0045766176234607e-10,2.2777170025276864e-10,1.815772096106654e-10,1.4079457058239608e-10,1.0971490730125729e-10,8.644277868468775e-11,6.86423504014503e-11,5.4562069345696946e-11,4.3954471848988935e-11,3.532740364505368e-11,2.8353904120179794e-11,2.2734169842707036e-11,1.8139585133499136e-11,1.5556839568296116e-11,1.2870610952134716e-11,1.0347854446444783e-11,8.304807693061626e-12,6.559658496711667e-12,5.060028771073572e-12,3.8752071970928434e-12,2.9588586162824996e-12,2.24906592927852e-12,1.6928586954606272e-12
1e-05,113.00495539105731,15.805591889860233,9.14563340783645,49.97762442988045,100.50734516956777,1.9510051299725185e-09,1.5213089021075287e-09,1.16776984431187e-09,8.861930941941204e-10,6.689789770609779e-10,5.382350923441342e-10,4.4962919095888673e-10,3.463222945043082e-10,2.79546797808384e-10,2.12463426120141e-10,1.700286352962183e-10,1.325692070782455e-10,1.0398611583350722e-10,8.248309035899496e-11,6.591817859724406e-11,5.27081987698248e-11,4.265979199313764e-11,3.442801315166783e-11,2.773116743197243e-11,2.2306339846385573e-11,1.7853679779404427e-11,1.5337189910546283e-11,1.2717162027869116e-11,1.0253044468411465e-11,8.251018300284891e-12,6.536445430141424e-12,5.0585700118572366e-12,3.886056641621318e-12,2.9750874708253743e-12,2.2662113911196623e-12,1.7082672821718356e-12
1e-05,101.61449750067999,17.998485457952505,4.327182599870911,55.23686397937925,90.5580542087635,2.05196525169685e-09,1.61990631996926e-09,1.260042765640075e-09,9.688545573580555e-10,7.399777641462254e-10,5.989682247088379e-10,5.01394671543448e-10,3.8763226073363545e-10,3.1297630403898526e-10,2.3756990382098497e-10,1.892909765954208e-10,1.4655705309602195e-10,1.1385875416035612e-10,8.931249011522555e-11,7.052791205773828e-11,5.5687541680157284e-11,4.4541399722781135e-11,3.5504992848453933e-11,2.8223874265875977e-11,2.237300715509891e-11,1.7603662244309303e-11,1.4960147544287473e-11,1.2220269846857832e-11,9.665944697487262e-12,7.631777561357152e-12,5.921808329932595e-12,4.4805850769798685e-12,3.3728021015224626e-12,2.5413025772033135e-12,1.9156818596496213e-12,1.4381628133564017e-12
1e-05,83.0062472968687,15.869243135250633,7.943659775341981,55.78469803573583,103.27955307317752,2.1949478628124345e-09,1.76177029418116e-09,1.3945777631972064e-09,1.0907540273170005e-09,8.456237595161374e-10,6.896505516314052e-10,5.786618781204628e-10,4.4925858530621023e-10,3.627095979028246e-10,2.747098755785637e-10,2.1764854991746311e-10,1.670600080312093e-10,1.2835832820339216e-10,9.952122529285836e-11,7.774804104264927e-11,6.083220701892364e-11,4.8395098318548614e-11,3.8482381410858546e-11,3.0620764856519224e-11,2.438627178569854e-11,1.9351223573470875e-11,1.6559084039539014e-11,1.3661924098880609e-11,1.0947234865042866e-11,8.760033080280824e-12,6.8974184402738046e-12,5.302267065323811e-12,4.04695214453947e-12,3.0798704702145345e-12,2.3336325227895636e-12,1.751046828078226e-12
1e-05,109.96474087816014,15.49839214917792,1.8479554662043767,46.86978202297604,104.99059716004544,1.8437730045885601e-09,1.4227900137605987e-09,1.0838090761031482e-09,8.206062431813305e-10,6.22817221032938e-10,5.06294279531323e-10,4.281042780430062e-10,3.3694142927950634e-10,2.7745047566319816e-10,2.1748066354022585e-10,1.7836504515795433e-10,1.4317713449629938e-10,1.1533630939193599e-10,9.347950132532356e-11,7.593514725738244e-11,6.144267621544678e-11,5.00491035315324e-11,4.052219163848003e-11,3.264435564149883e-11,2.6179789313841496e-11,2.0815347345407564e-11,1.7743195784382776e-11,1.4537616860677491e-11,1.1525383245875416e-11,9.082763844671584e-12,7.0107100527174456e-12,5.2490793378809176e-12,3.889684186850459e-12,2.875583388077714e-12,2.124678272399193e-12,1.5645785221839086e-12
1e-05,95.85740661224165,21.82615982097812,8.745168446324756,58.075867865944474,106.0917830466465,2.1590732067951992e-09,1.7340570479233474e-09,1.3756355197056245e-09,1.0795288442383362e-09,8.398688507959273e-10,6.858304107934599e-10,5.749444148258834e-10,4.456608352381189e-10,3.5833181036167324e-10,2.692380773032259e-10,2.1105084737338342e-10,1.5943550831004362e-10,1.200019846429349e-10,9.085118374201105e-11,6.916392778388745e-11,5.265072781427205e-11,4.0853488621703976e-11,3.169006736382055e-11,2.461396164639325e-11,1.914683751780977e-11,1.4841769054163487e-11,1.2565431848262533e-11,1.0226987984760793e-11,8.063052601014424e-12,6.369545937951642e-12,4.955038010525092e-12,3.769841076770584e-12,2.8601104098363127e-12,2.174043235815914e-12,1.6529372616888808e-12,1.2500734920649947e-12
1e-05,88.64752210621327,24.333884977036153,7.292814810733345,54.484680012020966,108.14503940149264,2.168454761188086e-09,1.73858237777728e-09,1.3762149265967157e-09,1.0780249579288942e-09,8.385030708609085e-10,6.862712096473807e-10,5.77711654643857e-10,4.5114050607957635e-10,3.658930231446559e-10,2.790092637560989e-10,2.2194115727147191e-10,1.7099681153069122e-10,1.315206172640824e-10,1.0168468203134609e-10,7.886603366034434e-11,6.096608995415313e-11,4.7726318714984006e-11,3.717847818525817e-11,2.8860971556172177e-11,2.2344095701877515e-11,1.7177460751817247e-11,1.4456529889022919e-11,1.1665980636145091e-11,9.09400144290243e-12,7.100336659447067e-12,5.450335732569046e-12,4.083553587713789e-12,3.051655734163063e-12,2.2878789078715177e-12,1.7188375526874334e-12,1.2871286561959766e-12
1e-05,107.14017385546211,19.169642968615985,4.486061022124984,50.89271353237216,98.0021525219976,2.0115063702017167e-09,1.5815041695043707e-09,1.2252404583810452e-09,9.387654647116188e-10,7.151189913341996e-10,5.78335989142398e-10,4.842217514279369e-10,3.7449260632058624e-10,3.026754454061485e-10,2.3020482946731073e-10,1.8381140357662724e-10,1.4270532395009824e-10,1.111740121656112e-10,8.740556709962696e-11,6.912647441042936e-11,5.4615225238612433e-11,4.366153332823733e-11,3.475295755666554e-11,2.7559297660586723e-11,2.1774607645678607e-11,1.7064033587890708e-11,1.4470978298329307e-11,1.178784287500264e-11,9.292602114479256e-12,7.316893471290452e-12,5.662792279037118e-12,4.275071221818335e-12,3.2140373406123765e-12,2.421143728904316e-12,1.8264674977355896e-12,1.373449534817245e-12
1e-05,83.35622688788118,23.125339045232515,8.31754433536414,48.1578705722086,91.7182113387195,2.140170258869331e-09,1.7082386850926332e-09,1.346543962074784e-09,1.052015323328021e-09,8.185780028612637e-10,6.723411619402279e-10,5.690523174576669e-10,4.486263661942265e-10,3.675001093440927e-10,2.8481054805464283e-10,2.2990278755853974e-10,1.8047474497064428e-10,1.4151632157934883e-10,1.1139327761373448e-10,8.777481304982909e-11,6.879910816952556e-11,5.440791512741164e-11,4.274832420292765e-11,3.3428313747675906e-11,2.6050786093993287e-11,2.0153878447014845e-11,1.7003498989116778e-11,1.376256140669887e-11,1.0764286451977607e-11,8.419316613483503e-12,6.4676029398262146e-12,4.8406210871970975e-12,3.6041569215960356e-12,2.6848762515166316e-12,1.9988546998975895e-12,1.4790810084030465e-12
1e-05,106.27119156180561,23.22229717016587,3.2889680228850557,52.18146202792365,110.11678962327751,2.0307187169327596e-09,1.602337316813978e-09,1.2468646397241956e-09,9.601987619714854e-10,7.354078747589514e-10,5.968727502206754e-10,5.007574763781541e-10,3.886952944318166e-10,3.1472934549584063e-10,2.398680854780819e-10,1.914745697947097e-10,1.4843477352382834e-10,1.152186386911323e-10,9.006442105833905e-11,7.067651889475114e-11,5.528579999274925e-11,4.3696841379315826e-11,3.430634234604958e-11,2.676357508255734e-11,2.0744957120566744e-11,1.589916682086575e-11,1.3324453819110066e-11,1.068215213718709e-11,8.254809084008498e-12,6.388181929136596e-12,4.859566067311002e-12,3.6103187438153366e-12,2.6858268439724697e-12,2.0153502429281527e-12,1.5240993857120368e-12,1.1556377107558978e-12
1e-05,97.90751880689595,22.549987028202857,6.495041417523564,49.89238589082049,119.5256576521443,2.0939300019284372e-09,1.6635467043852251e-09,1.3036683688660738e-09,1.0106937871488475e-09,7.784693974461691e-10,6.335224248818548e-10,5.31879609341662e-10,4.1337278692688745e-10,3.3462380304015717e-10,2.54733981050108e-10,2.0288587574094637e-10,1.5676413637111737e-10,1.2119613412486114e-10,9.435211936742606e-11,7.377493486073368e-11,5.754939414735252e-11,4.544057090647204e-11,3.570642006693237e-11,2.7952175034747867e-11,2.1811486210340435e-11,1.689231993312741e-11,1.4260245492931387e-11,1.1552269758551291e-11,9.048321898207811e-12,7.092329245361816e-12,5.466140208982475e-12,4.11208455767511e-12,3.0839180032141594e-12,2.319067747239341e-12,1.7468785152535601e-12,1.311403201317073e-12
1e-05,97.94738581636759,19.37615641426551,6.267768416528747,56.98348763755065,113.03677578274451,2.0854309653335332e-09,1.65351942134614e-09,1.292449096277319e-09,9.98808132132558e-10,7.665422370115054e-10,6.222095917481751e-10,5.215226485648231e-10,4.0413029149657914e-10,3.265776022364384e-10,2.480618713115801e-10,1.9747741550418255e-10,1.5261700260328872e-10,1.1819899940107216e-10,9.233706707770742e-11,7.256662777058865e-11,5.6990054166277844e-11,4.534898578260583e-11,3.596143182888707e-11,2.844578325860035e-11,2.2450992382656034e-11,1.760296438468351e-11,1.4949196559363905e-11,1.2205228394639447e-11,9.651594950217967e-12,7.626286924607209e-12,5.924992563304123e-12,4.491461887887819e-12,3.38763142563534e-12,2.556099562296251e-12,1.927648790803437e-12,1.4457448427445054e-12
1e-05,101.88801758218575,23.343931072842196,7.217638860182603,55.712973588036824,99.86240443068725,2.065020427529995e-09,1.6356299024038884e-09,1.2778625046559645e-09,9.878685131098333e-10,7.591222081668088e-10,6.171389438026611e-10,5.180238936144498e-10,4.0246422922635415e-10,3.2587400188342937e-10,2.482447529296818e-10,1.9792231941592616e-10,1.5314993979899927e-10,1.1859547921539366e-10,9.246753503986175e-11,7.238823210574097e-11,5.651240504511038e-11,4.462983579212367e-11,3.5060113330951067e-11,2.7428775033981652e-11,2.138561993894343e-11,1.6549747544990072e-11,1.3969346939793141e-11,1.1316051590047098e-11,8.863685998150032e-12,6.949887218210005e-12,5.359050414238388e-12,4.034516559199134e-12,3.0283237170868743e-12,2.2791043623782473e-12,1.7178511650076043e-12,1.2899908947097328e-12
